"Reference","Qty","DNP","Exclude from BOM","LCSC","MPN","Package","Description"
"BT1","1","","","C964777","BS-08-B2AA001","SMD","BATTERY HOLDER COIN CR2032 SMD"
"C1","1","","","C46682638","VZT470M1HTT-0606L","D6.3x5.8","CAP ALUM 47uF 20% 35V SMD"
"C2","1","","","C77102","GRM32ER71H106KA12L","1210","CAP CER 10uF 50V X7R 1210"
"C3,C4,C7,C8,C9,C10,C14,C15,C17,C18,C20,C23,C24,C25,C26,C27,C28,C30,C31","19","","","C14663","CC0603KRX7R9BB104","0603","CAP CER 100nF 50V X7R 0603"
"C5,C6","2","","","C309062","CL32B226KAJNNNE","1210","CAP CER 22uF 25V X7R 1210"
"C11","1","","","C77045","GRM188R61C475KE11D","0603","CAP CER 4.7uF 16V X5R 0603"
"C12","1","","","C85862","GCM188R71E105KA64D","0603","CAP CER 1uF 25V X7R 0603"
"C13","1","","","C57112","0603B103K500NT","0603","CAP CER 1nF 50V X7R 0603"
"C16,C29","2","","","C77075","GRM21BR61C106KE15L","0805","CAP CER 10uF 16V X5R 0805"
"C19","1","","","C77074","GRM21BR61A226ME51L","0805","CAP CER 22uF 10V X5R 0805"
"C21,C22","2","","","C1647","CL10C180JB8NNNC","0603","CAP CER 18pF 50V C0G 0603"
"D1","1","","","C168859","B340AE-13","SMA(DO-214AC)","DIODE SCHOTTKY 40V 3A SMA"
"D2","1","","","C223988","SMAJ33A","SMA(DO-214AC)","TVS DIODE 33VWM 53.3VC DO214AC"
"D3,D4","2","","","C2286","KT-0603R","0603","LED RED 620-630nm 2V 20mA 0603"
"D5","1","","","C2843868","XL-5050RGBC","PLCC-6","TOP LED 5050 RGB SMD"
"D6","1","","","C84354","B5819W-TP","SOD-123","DIODE SCHOTTKY 40V SOD-123"
"D7","1","","","C2135","BAT54C","SOT-23","DIODE ARR SCHOTT 30V 200MA SOT23"
"FID1,FID2,FID3,FID4,H1,H2,H3,H4,TP1","9","","Excluded from BOM","","","SMD,TH","FIDUCIAL 1.0mm BARE COPPER 2.0mm MASK OPENING IPC-7351 Level A optical alignment target for SMT placement board feature not a purchased part,MOUNTING HOLE M4 4.3mm DRILL 8.6mm PLATED PAD board feature not a purchased part,TEST POINT 1.0mm SMD PAD probe or bed of nails board feature not a purchased part"
"J1","1","","","C381116","DC-005-5A-2.0","TH","CONN PWR JACK TH R/A"
"J2","1","","","C144395","B4B-XH-A(LF)(SN)","TH","CONN HEADER JST XH 4POS 2.50mm TH"
"J3","1","","","C124378","B-2100S04P-A110","TH","CONN HEADER MALE VERT 4POS 2.54MM"
"J4","1","","","C319170","U254-051N-4BH806","SMD","CONN RCPT USB MICRO-B 5POS SMD"
"J5","1","","","C2897405","PM254-2-04-Z-8.5","TH","CONN SOCKET 8POS 2.54mm DUAL ROW TH"
"J6","1","","","C2905421","KH-2.54FH-1X16P-H8.5","TH","CONN SOCKET 16POS 2.54mm SINGLE ROW TH"
"L1","1","","","C668313","DFE252012F-4R7M=P2","1008","FIXED IND 4.7uH 1.5A ISAT 2.1A 190mΩ 1008"
"P1","1","","","C49423290","B-2100S16P-A110","TH","CONN HEADER MALE VERT 16POS 2.54MM"
"Q1,Q2","2","","","C52895","BSS138","SOT-23","MOSFET N-CH 50V 220mA 3.5R SOT-23"
"Q3","1","","","C94412","BC817-40LT1G","SOT-23","TRANS NPN 45V 500mA SOT-23"
"R1,R2,R12,R13,R14,R15,R18,R19,R20,R21","10","","","C25804","0603WAF1002T5E","0603","RES 10kΩ ±1% 100mW 0603"
"R3","1","","","C21189","0603WAF0000T5E","0603","RES 0Ω 100mW 0603"
"R4,R16,R17,R22,R25","5","","","C23162","0603WAF4701T5E","0603","RES 4.7kΩ ±1% 100mW 0603"
"R5,R23","2","","","C21190","0603WAF1001T5E","0603","RES 1kΩ ±1% 100mW 0603"
"R6","1","","","C23179","0603WAF4700T5E","0603","RES 470Ω ±1% 100mW 0603"
"R7","1","","","C22962","0603WAF2200T5E","0603","RES 220Ω ±1% 100mW 0603"
"R8,R9","2","","","C23182","0603WAF470JT5E","0603","RES 47Ω ±1% 100mW 0603"
"R10","1","","","C25803","0603WAF1003T5E","0603","RES 100kΩ ±1% 100mW 0603"
"R11","1","","","C31850","0603WAF2202T5E","0603","RES 22kΩ ±1% 100mW 0603"
"R24","1","","","C58159","3362P-1-103LF","TH","TRIMMER 10K OHM 0.5W PC PIN TOP"
"R26","1","","","C17445","0805W8F120JT5E","0805","RES 12Ω ±1% 125mW 0805"
"S1,S2,S3,S4","4","","","C720477","TS-1088-AR02016","SMD","SWITCH TACTILE SPST SMD"
"U1","1","","","C2071056","AP63205WU-7","TSOT-23-6","IC REG BUCK 5V 2A 3.8V-32V TSOT-23-6"
"U2","1","","","C81720","STM32F072CBT6","LQFP-48","IC MCU 32BIT 128KB FLASH 48LQFP"
"U3","1","","","C150716","AP2114H-3.3TRG1","SOT-223","IC REG LDO 3.3V 1A 2.5V-6V SOT-223"
"U4","1","","","C7519","USBLC6-2SC6","SOT-23-6","TVS DIODE 5.25VWM 17VC SOT23-6"
"U5","1","","","C5355146","W25Q32JVSNIQ","SOIC-8","IC FLASH 32MBIT SPI/QUAD 8SOIC"
"U6","1","","","C34565","LM75BD,118","SOIC-8","SENSOR DIGITAL -55C-125C 8SO"
"U7","1","","","C503581","ESP-01","MOD","ESP8266 WI-FI IOT MODULE"
"U8","1","","","C5329588","WC1602A","MOD","LCD CHARACTER DISPLAY MODULE 16x2"
"U9","1","","","C7605","PCF8574T","SOIC-16W","IC EXPANDER 100KHZ I2C 16SO"
"Y1","1","","","C32346","Q13FC1350000400","SMD-3215","CRYSTAL 32.7680KHZ 12.5PF SMD"
